"Aerospace Engineering BS","Chemistry and Biochemistry"
"Aerospace Engineering BS","Computer Science"
"Aerospace Engineering BS","Electrical and Computer Engineering"
"Aerospace Engineering BS","Engineering"
"Aerospace Engineering BS","Materials Science and Engineering"
"Aerospace Engineering BS","Mathematics"
"Aerospace Engineering BS","Mechanical and Aerospace Engineering"
"Aerospace Engineering BS","Physics"
"African American Studies BA","African American Studies"
"African American Studies BA","American Indian Studies"
"African American Studies BA","Asian American Studies"
"African American Studies BA","Chicana and Chicano Studies"
"African American Studies BA","Gender Studies"
"African and Middle Eastern Studies BA","Anthropology"
"African and Middle Eastern Studies BA","Art"
"African and Middle Eastern Studies BA","Art History"
"African and Middle Eastern Studies BA","Comparative Literature"
"African and Middle Eastern Studies BA","Economics"
"African and Middle Eastern Studies BA","Ethnomusicology"
"African and Middle Eastern Studies BA","Geography"
"African and Middle Eastern Studies BA","Afrikaans"
"African and Middle Eastern Studies BA","History"
"African and Middle Eastern Studies BA","International and Area Studies"
"African and Middle Eastern Studies BA","Arabic"
"African and Middle Eastern Studies BA","Armenian"
"African and Middle Eastern Studies BA","Hebrew"
"African and Middle Eastern Studies BA","Iranian"
"African and Middle Eastern Studies BA","Middle Eastern Studies"
"African and Middle Eastern Studies BA","Turkic Languages"
"African and Middle Eastern Studies BA","Political Science"
"African and Middle Eastern Studies BA","Sociology"
"African and Middle Eastern Studies BA","Portuguese"
"African and Middle Eastern Studies BA","Theater"
"African and Middle Eastern Studies BA","World Arts and Cultures"
"American Indian Studies BA","American Indian Studies"
"American Indian Studies BA","Anthropology"
"American Indian Studies BA","Gender Studies"
"American Indian Studies BA","Political Science"
"American Indian Studies BA","Statistics"
"American Literature and Culture BA","English"
"American Literature and Culture BA","English Composition"
"Ancient Near East and Egyptology BA","Anthropology"
"Ancient Near East and Egyptology BA","Greek"
"Ancient Near East and Egyptology BA","English"
"Ancient Near East and Egyptology BA","Ancient Near East"
"Ancient Near East and Egyptology BA","Hebrew"
"Ancient Near East and Egyptology BA","Middle Eastern Studies"
"Ancient Near East and Egyptology BA","Near Eastern Languages"
"Ancient Near East and Egyptology BA","Semitics"
"Ancient Near East and Egyptology BA","Study of Religion"
"Anthropology BA","Anthropology"
"Anthropology BS","Anthropology"
"Anthropology BS","Chemistry and Biochemistry"
"Anthropology BS","Life Sciences"
"Anthropology BS","Mathematics"
"Anthropology BS","Physics"
"Anthropology BS","Statistics"
"Business Economics BA","Economics"
"Business Economics BA","English"
"Business Economics BA","Management"
"Business Economics BA","Mathematics"
"Business Economics BA","English Composition"
"Economics BA","Economics"
"Economics BA","English"
"Economics BA","Management"
"Economics BA","Mathematics"
"Economics BA","English Composition"
"Applied Linguistics BA","Anthropology"
"Applied Linguistics BA","Applied Linguistics"
"Applied Linguistics BA","Chicana and Chicano Studies"
"Applied Linguistics BA","Communication"
"Applied Linguistics BA","French"
"Applied Linguistics BA","German"
"Applied Linguistics BA","Linguistics"
"Applied Linguistics BA","Arabic"
"Applied Linguistics BA","Armenian"
"Applied Linguistics BA","Hebrew"
"Applied Linguistics BA","Iranian"
"Applied Linguistics BA","Psychology"
"Applied Linguistics BA","Slavic"
"Applied Linguistics BA","Portuguese"
"Applied Linguistics BA","Spanish"
"Applied Mathematics BS","Chemistry and Biochemistry"
"Applied Mathematics BS","Mathematics"
"Applied Mathematics BS","Program in Computing"
"Applied Mathematics BS","Physics"
"Applied Mathematics BS","Statistics"
"Statistics BS","Mathematics"
"Statistics BS","Statistics"
"Arabic BA","Anthropology"
"Arabic BA","Art"
"Arabic BA","Art History"
"Arabic BA","Comparative Literature"
"Arabic BA","History"
"Arabic BA","Arabic"
"Arabic BA","Islamic Studies"
"Arabic BA","Middle Eastern Studies"
"Arabic BA","Political Science"
"Architectural Studies BA","Architecture and Urban Design"
"Architectural Studies BA","Architecture and Urban Design"
"Art BA","Art"
"Art BA","Art History"
"Art BA","History"
"Art History BA","Art"
"Art History BA","Art History"
"Art History BA","History"
"Asian American Studies BA","Asian American Studies"
"Asian Humanities BA","Hindi-Urdu"
"Asian Humanities BA","Indonesian"
"Asian Humanities BA","South Asian"
"Asian Humanities BA","Southeast Asian"
"Asian Humanities BA","Thai"
"Asian Humanities BA","Hindi-Urdu"
"Asian Humanities BA","Indonesian"
"Asian Humanities BA","South Asian"
"Asian Humanities BA","Southeast Asian"
"Asian Humanities BA","Thai"
"Asian Languages and Linguistics BA","Hindi-Urdu"
"Asian Languages and Linguistics BA","Indonesian"
"Asian Languages and Linguistics BA","South Asian"
"Asian Languages and Linguistics BA","Southeast Asian"
"Asian Languages and Linguistics BA","Thai"
"Asian Languages and Linguistics BA","Linguistics"
"Asian Religions BA","Hindi-Urdu"
"Asian Religions BA","Indonesian"
"Asian Religions BA","South Asian"
"Asian Religions BA","Southeast Asian"
"Asian Religions BA","Thai"
"Asian Languages and Linguistics BA","Hindi-Urdu"
"Asian Languages and Linguistics BA","Indonesian"
"Asian Languages and Linguistics BA","South Asian"
"Asian Languages and Linguistics BA","Southeast Asian"
"Asian Languages and Linguistics BA","Thai"
"Asian Languages and Linguistics BA","Linguistics"
"Asian Religions BA","Hindi-Urdu"
"Asian Religions BA","Indonesian"
"Asian Religions BA","South Asian"
"Asian Religions BA","Southeast Asian"
"Asian Religions BA","Thai"
"Asian Studies BA","Anthropology"
"Asian Studies BA","Art"
"Asian Studies BA","Art History"
"Asian Studies BA","Hindi-Urdu"
"Asian Studies BA","Indonesian"
"Asian Studies BA","South Asian"
"Asian Studies BA","Southeast Asian"
"Asian Studies BA","Thai"
"Asian Studies BA","Clusters"
"Asian Studies BA","Comparative Literature"
"Asian Studies BA","Economics"
"Asian Studies BA","Ethnomusicology"
"Asian Studies BA","Geography"
"Asian Studies BA","History"
"Asian Studies BA","International and Area Studies"
"Asian Studies BA","Political Science"
"Asian Studies BA","Sociology"
"Asian Studies BA","World Arts and Cultures"
"Astrophysics BS","Chemistry and Biochemistry"
"Astrophysics BS","Mathematics"
"Astrophysics BS","Program in Computing"
"Astrophysics BS","Astronomy"
"Astrophysics BS","Physics"
"Biophysics BS","Chemistry and Biochemistry"
"Biophysics BS","Life Sciences"
"Biophysics BS","Mathematics"
"Biophysics BS","Molecular, Cell, and Developmental Biology"
"Biophysics BS","Physics"
"Physics BA","Chemistry and Biochemistry"
"Physics BA","Mathematics"
"Physics BA","Astronomy"
"Physics BA","Physics"
"Physics BS","Chemistry and Biochemistry"
"Physics BS","Mathematics"
"Physics BS","Astronomy"
"Physics BS","Physics"
"Astrophysics BS","Chemistry and Biochemistry"
"Astrophysics BS","Mathematics"
"Astrophysics BS","Program in Computing"
"Astrophysics BS","Astronomy"
"Astrophysics BS","Physics"
"Atmospheric and Oceanic Sciences BS","Atmospheric and Oceanic Sciences"
"Atmospheric and Oceanic Sciences BS","Chemistry and Biochemistry"
"Atmospheric and Oceanic Sciences BS","Civil and Environmental Engineering"
"Atmospheric and Oceanic Sciences BS","Earth, Planetary, and Space Sciences"
"Atmospheric and Oceanic Sciences BS","Engineering"
"Atmospheric and Oceanic Sciences BS","Environment"
"Atmospheric and Oceanic Sciences BS","Mathematics"
"Atmospheric and Oceanic Sciences BS","Program in Computing"
"Atmospheric and Oceanic Sciences BS","Physics"
"Atmospheric and Oceanic Sciences/Mathematics BS","Atmospheric and Oceanic Sciences"
"Atmospheric and Oceanic Sciences/Mathematics BS","Chemistry and Biochemistry"
"Atmospheric and Oceanic Sciences/Mathematics BS","Mathematics"
"Atmospheric and Oceanic Sciences/Mathematics BS","Program in Computing"
"Atmospheric and Oceanic Sciences/Mathematics BS","Physics"
"Climate Science BS","Atmospheric and Oceanic Sciences"
"Climate Science BS","Chemistry and Biochemistry"
"Climate Science BS","Civil and Environmental Engineering"
"Climate Science BS","Engineering"
"Climate Science BS","Environment"
"Climate Science BS","Mathematics"
"Climate Science BS","Program in Computing"
"Climate Science BS","Physics"
"Atmospheric and Oceanic Sciences/Mathematics BS","Atmospheric and Oceanic Sciences"
"Atmospheric and Oceanic Sciences/Mathematics BS","Chemistry and Biochemistry"
"Atmospheric and Oceanic Sciences/Mathematics BS","Mathematics"
"Atmospheric and Oceanic Sciences/Mathematics BS","Program in Computing"
"Atmospheric and Oceanic Sciences/Mathematics BS","Physics"
"Biochemistry BS","Chemistry and Biochemistry"
"Biochemistry BS","Mathematics"
"Biochemistry BS","Microbiology, Immunology, and Molecular Genetics"
"Biochemistry BS","Physics"
"Biochemistry BS","Chemistry and Biochemistry"
"Biochemistry BS","Mathematics"
"Biochemistry BS","Microbiology, Immunology, and Molecular Genetics"
"Biochemistry BS","Physics"
"Chemistry BS","Chemistry and Biochemistry"
"Chemistry BS","Mathematics"
"Chemistry BS","Physics"
"Chemistry/Materials Science BS","Chemistry and Biochemistry"
"Chemistry/Materials Science BS","Engineering"
"Chemistry/Materials Science BS","Materials Science and Engineering"
"Chemistry/Materials Science BS","Mathematics"
"Chemistry/Materials Science BS","Physics"
"General Chemistry BS","Chemistry and Biochemistry"
"General Chemistry BS","Mathematics"
"General Chemistry BS","Physics"
"Bioengineering BS","Bioengineering"
"Bioengineering BS","Chemistry and Biochemistry"
"Bioengineering BS","Civil and Environmental Engineering"
"Bioengineering BS","Computer Science"
"Bioengineering BS","Engineering"
"Bioengineering BS","Environment"
"Bioengineering BS","Mathematics"
"Bioengineering BS","Mechanical and Aerospace Engineering"
"Bioengineering BS","Physics"
"Biology BS","Chemistry and Biochemistry"
"Biology BS","Life Sciences"
"Biology BS","Mathematics"
"Biology BS","Physics"
"Biology BS","Statistics"
"Biophysics BS","Chemistry and Biochemistry"
"Biophysics BS","Life Sciences"
"Biophysics BS","Mathematics"
"Biophysics BS","Molecular, Cell, and Developmental Biology"
"Biophysics BS","Physics"
"Business Economics BA","Economics"
"Business Economics BA","English"
"Business Economics BA","Management"
"Business Economics BA","Mathematics"
"Business Economics BA","English Composition"
"Central and East European Languages and Cultures BA","History"
"Central and East European Languages and Cultures BA","Central and East European Studies"
"Central and East European Languages and Cultures BA","Czech"
"Central and East European Languages and Cultures BA","Hungarian"
"Central and East European Languages and Cultures BA","Polish"
"Central and East European Languages and Cultures BA","Romanian"
"Central and East European Languages and Cultures BA","Russian"
"Central and East European Languages and Cultures BA","Serbian/Croatian"
"Central and East European Languages and Cultures BA","Slavic"
"Central and East European Languages and Cultures BA","Ukrainian"
"Chemical Engineering BS","Bioengineering"
"Chemical Engineering BS","Chemical Engineering"
"Chemical Engineering BS","Chemistry and Biochemistry"
"Chemical Engineering BS","Civil and Environmental Engineering"
"Chemical Engineering BS","Engineering"
"Chemical Engineering BS","Environment"
"Chemical Engineering BS","Materials Science and Engineering"
"Chemical Engineering BS","Mathematics"
"Chemical Engineering BS","Mechanical and Aerospace Engineering"
"Chemical Engineering BS","Physics"
"Biochemistry BS","Chemistry and Biochemistry"
"Biochemistry BS","Mathematics"
"Biochemistry BS","Microbiology, Immunology, and Molecular Genetics"
"Biochemistry BS","Physics"
"Chemistry BS","Chemistry and Biochemistry"
"Chemistry BS","Mathematics"
"Chemistry BS","Physics"
"Chemistry/Materials Science BS","Chemistry and Biochemistry"
"Chemistry/Materials Science BS","Engineering"
"Chemistry/Materials Science BS","Materials Science and Engineering"
"Chemistry/Materials Science BS","Mathematics"
"Chemistry/Materials Science BS","Physics"
"General Chemistry BS","Chemistry and Biochemistry"
"General Chemistry BS","Mathematics"
"General Chemistry BS","Physics"
"Chemistry/Materials Science BS","Chemistry and Biochemistry"
"Chemistry/Materials Science BS","Engineering"
"Chemistry/Materials Science BS","Materials Science and Engineering"
"Chemistry/Materials Science BS","Mathematics"
"Chemistry/Materials Science BS","Physics"
"Chicana and Chicano Studies BA","Chicana and Chicano Studies"
"Chicana and Chicano Studies BA","Spanish"
"Civil Engineering BS","Chemical Engineering"
"Civil Engineering BS","Chemistry and Biochemistry"
"Civil Engineering BS","Civil and Environmental Engineering"
"Civil Engineering BS","Computer Science"
"Civil Engineering BS","Earth, Planetary, and Space Sciences"
"Civil Engineering BS","Engineering"
"Civil Engineering BS","Environment"
"Civil Engineering BS","Life Sciences"
"Civil Engineering BS","Materials Science and Engineering"
"Civil Engineering BS","Mathematics"
"Civil Engineering BS","Mechanical and Aerospace Engineering"
"Civil Engineering BS","Microbiology, Immunology, and Molecular Genetics"
"Civil Engineering BS","Physics"
"Classical Civilization BA","Classics"
"Classical Civilization BA","Greek"
"Classical Civilization BA","Latin"
"Greek BA","Classics"
"Greek BA","Greek"
"Greek BA","History"
"Greek and Latin BA","Classics"
"Greek and Latin BA","Greek"
"Greek and Latin BA","Latin"
"Greek and Latin BA","History"
"Latin BA","Classics"
"Latin BA","Latin"
"Latin BA","History"
"Classical Civilization BA","Classics"
"Classical Civilization BA","Greek"
"Classical Civilization BA","Latin"
"Climate Science BS","Atmospheric and Oceanic Sciences"
"Climate Science BS","Chemistry and Biochemistry"
"Climate Science BS","Civil and Environmental Engineering"
"Climate Science BS","Engineering"
"Climate Science BS","Environment"
"Climate Science BS","Mathematics"
"Climate Science BS","Program in Computing"
"Climate Science BS","Physics"
"Cognitive Science BS","Anthropology"
"Cognitive Science BS","Communication"
"Cognitive Science BS","Computer Science"
"Cognitive Science BS","Linguistics"
"Cognitive Science BS","Mathematics"
"Cognitive Science BS","Music"
"Cognitive Science BS","Music Industry"
"Cognitive Science BS","Philosophy"
"Cognitive Science BS","Psychology"
"Cognitive Science BS","Statistics"
"Communication Studies BA","Anthropology"
"Communication Studies BA","Communication"
"Communication Studies BA","Economics"
"Communication Studies BA","Linguistics"
"Communication Studies BA","Philosophy"
"Communication Studies BA","Political Science"
"Communication Studies BA","Psychology"
"Communication Studies BA","Sociology"
"Communication Studies BA","Statistics"
"Comparative Literature BA","Comparative Literature"
"Comparative Literature BA","English"
"Computational and Systems Biology BS","Biostatistics"
"Computational and Systems Biology BS","Chemistry and Biochemistry"
"Computational and Systems Biology BS","Computational and Systems Biology"
"Computational and Systems Biology BS","Computer Science"
"Computational and Systems Biology BS","Electrical and Computer Engineering"
"Computational and Systems Biology BS","Engineering"
"Computational and Systems Biology BS","Life Sciences"
"Computational and Systems Biology BS","Mathematics"
"Computational and Systems Biology BS","Program in Computing"
"Computational and Systems Biology BS","Physics"
"Computational and Systems Biology BS","Statistics"
"Computer Engineering BS","Civil and Environmental Engineering"
"Computer Engineering BS","Computer Science"
"Computer Engineering BS","Electrical and Computer Engineering"
"Computer Engineering BS","Engineering"
"Computer Engineering BS","Environment"
"Computer Engineering BS","Mathematics"
"Computer Engineering BS","Physics"
"Computer Engineering BS","Statistics"
"Computer Engineering BS","Civil and Environmental Engineering"
"Computer Engineering BS","Computer Science"
"Computer Engineering BS","Electrical and Computer Engineering"
"Computer Engineering BS","Engineering"
"Computer Engineering BS","Environment"
"Computer Engineering BS","Mathematics"
"Computer Engineering BS","Physics"
"Computer Engineering BS","Statistics"
"Computer Science BS","Civil and Environmental Engineering"
"Computer Science BS","Computer Science"
"Computer Science BS","Electrical and Computer Engineering"
"Computer Science BS","Engineering"
"Computer Science BS","Environment"
"Computer Science BS","Mathematics"
"Computer Science BS","Physics"
"Computer Science BS","Statistics"
"Computer Science and Engineering BS","Civil and Environmental Engineering"
"Computer Science and Engineering BS","Computer Science"
"Computer Science and Engineering BS","Electrical and Computer Engineering"
"Computer Science and Engineering BS","Engineering"
"Computer Science and Engineering BS","Environment"
"Computer Science and Engineering BS","Mathematics"
"Computer Science and Engineering BS","Physics"
"Computer Science and Engineering BS","Statistics"
"Dance BA","Art"
"Dance BA","Dance"
"Dance BA","World Arts and Cultures"
"World Arts and Cultures BA","Art"
"World Arts and Cultures BA","Clusters"
"World Arts and Cultures BA","World Arts and Cultures"
"Dance BA","Art"
"Dance BA","Dance"
"Dance BA","World Arts and Cultures"
"Design | Media Arts BA","Art"
"Design | Media Arts BA","Design | Media Arts"
"Earth and Environmental Science BA","Chemistry and Biochemistry"
"Earth and Environmental Science BA","Earth, Planetary, and Space Sciences"
"Earth and Environmental Science BA","Geography"
"Earth and Environmental Science BA","Life Sciences"
"Earth and Environmental Science BA","Mathematics"
"Earth and Environmental Science BA","Physics"
"Ecology, Behavior, and Evolution BS","Chemistry and Biochemistry"
"Ecology, Behavior, and Evolution BS","Life Sciences"
"Ecology, Behavior, and Evolution BS","Mathematics"
"Ecology, Behavior, and Evolution BS","Physics"
"Ecology, Behavior, and Evolution BS","Statistics"
"Economics BA","Economics"
"Economics BA","English"
"Economics BA","Management"
"Economics BA","Mathematics"
"Economics BA","English Composition"
"Computer Engineering BS","Civil and Environmental Engineering"
"Computer Engineering BS","Computer Science"
"Computer Engineering BS","Electrical and Computer Engineering"
"Computer Engineering BS","Engineering"
"Computer Engineering BS","Environment"
"Computer Engineering BS","Mathematics"
"Computer Engineering BS","Physics"
"Computer Engineering BS","Statistics"
"Electrical Engineering BS","Chemistry and Biochemistry"
"Electrical Engineering BS","Computer Science"
"Electrical Engineering BS","Electrical and Computer Engineering"
"Electrical Engineering BS","Engineering"
"Electrical Engineering BS","Mathematics"
"Electrical Engineering BS","Physics"
"Electrical Engineering BS","Chemistry and Biochemistry"
"Electrical Engineering BS","Computer Science"
"Electrical Engineering BS","Electrical and Computer Engineering"
"Electrical Engineering BS","Engineering"
"Electrical Engineering BS","Mathematics"
"Electrical Engineering BS","Physics"
"Engineering Geology BS","Chemistry and Biochemistry"
"Engineering Geology BS","Civil and Environmental Engineering"
"Engineering Geology BS","Earth, Planetary, and Space Sciences"
"Engineering Geology BS","Engineering"
"Engineering Geology BS","Environment"
"Engineering Geology BS","Mathematics"
"Engineering Geology BS","Physics"
"English BA","English"
"English BA","English Composition"
"Environmental Science BS","Atmospheric and Oceanic Sciences"
"Environmental Science BS","Chemical Engineering"
"Environmental Science BS","Earth, Planetary, and Space Sciences"
"Environmental Science BS","Ecology and Evolutionary Biology"
"Environmental Science BS","Engineering"
"Environmental Science BS","Environment"
"Environmental Science BS","Environmental Health Sciences"
"Environmental Science BS","Geography"
"Environmental Science BS","Life Sciences"
"Environmental Science BS","Mathematics"
"Environmental Science BS","Philosophy"
"Environmental Science BS","Physics"
"Environmental Science BS","Public Policy"
"Environmental Science BS","Statistics"
"Environmental Science BS","Atmospheric and Oceanic Sciences"
"Environmental Science BS","Chemical Engineering"
"Environmental Science BS","Earth, Planetary, and Space Sciences"
"Environmental Science BS","Ecology and Evolutionary Biology"
"Environmental Science BS","Engineering"
"Environmental Science BS","Environment"
"Environmental Science BS","Environmental Health Sciences"
"Environmental Science BS","Geography"
"Environmental Science BS","Life Sciences"
"Environmental Science BS","Mathematics"
"Environmental Science BS","Philosophy"
"Environmental Science BS","Physics"
"Environmental Science BS","Public Policy"
"Environmental Science BS","Statistics"
"Environmental Science BS","Atmospheric and Oceanic Sciences"
"Environmental Science BS","Chemical Engineering"
"Environmental Science BS","Earth, Planetary, and Space Sciences"
"Environmental Science BS","Ecology and Evolutionary Biology"
"Environmental Science BS","Engineering"
"Environmental Science BS","Environment"
"Environmental Science BS","Environmental Health Sciences"
"Environmental Science BS","Geography"
"Environmental Science BS","Life Sciences"
"Environmental Science BS","Mathematics"
"Environmental Science BS","Philosophy"
"Environmental Science BS","Physics"
"Environmental Science BS","Public Policy"
"Environmental Science BS","Statistics"
"Ethnomusicology BA","Ethnomusicology"
"Ethnomusicology BA","Music"
"European Studies BA","Anthropology"
"European Studies BA","Art"
"European Studies BA","Comparative Literature"
"European Studies BA","Economics"
"European Studies BA","English"
"European Studies BA","Ethnomusicology"
"European Studies BA","French"
"European Studies BA","Geography"
"European Studies BA","Dutch"
"European Studies BA","German"
"European Studies BA","Yiddish"
"European Studies BA","History"
"European Studies BA","International and Area Studies"
"European Studies BA","Italian"
"European Studies BA","Political Science"
"European Studies BA","Scandinavian"
"European Studies BA","Central and East European Studies"
"European Studies BA","Czech"
"European Studies BA","Hungarian"
"European Studies BA","Polish"
"European Studies BA","Romanian"
"European Studies BA","Russian"
"European Studies BA","Serbian/Croatian"
"European Studies BA","Slavic"
"European Studies BA","Ukrainian"
"European Studies BA","Sociology"
"European Studies BA","Portuguese"
"European Studies BA","Spanish"
"European Studies BA","World Arts and Cultures"
"Film and Television BA","Film and Television"
"Film and Television BA","Theater"
"Financial Actuarial Mathematics BS","Economics"
"Financial Actuarial Mathematics BS","Management"
"Financial Actuarial Mathematics BS","Mathematics"
"Financial Actuarial Mathematics BS","Program in Computing"
"Financial Actuarial Mathematics BS","Statistics"
"French BA","French"
"French BA","French"
"French and Linguistics BA","French"
"French and Linguistics BA","Linguistics"
"French and Linguistics BA","French"
"French and Linguistics BA","Linguistics"
"Gender Studies BA","Gender Studies"
"General Chemistry BS","Chemistry and Biochemistry"
"General Chemistry BS","Mathematics"
"General Chemistry BS","Physics"
"Earth and Environmental Science BA","Chemistry and Biochemistry"
"Earth and Environmental Science BA","Earth, Planetary, and Space Sciences"
"Earth and Environmental Science BA","Geography"
"Earth and Environmental Science BA","Life Sciences"
"Earth and Environmental Science BA","Mathematics"
"Earth and Environmental Science BA","Physics"
"Engineering Geology BS","Chemistry and Biochemistry"
"Engineering Geology BS","Civil and Environmental Engineering"
"Engineering Geology BS","Earth, Planetary, and Space Sciences"
"Engineering Geology BS","Engineering"
"Engineering Geology BS","Environment"
"Engineering Geology BS","Mathematics"
"Engineering Geology BS","Physics"
"Geology BS","Chemistry and Biochemistry"
"Geology BS","Earth, Planetary, and Space Sciences"
"Geology BS","Life Sciences"
"Geology BS","Mathematics"
"Geology BS","Physics"
"Geophysics BS","Earth, Planetary, and Space Sciences"
"Geophysics BS","Mathematics"
"Geophysics BS","Physics"
"Geology BS","Chemistry and Biochemistry"
"Geology BS","Earth, Planetary, and Space Sciences"
"Geology BS","Life Sciences"
"Geology BS","Mathematics"
"Geology BS","Physics"
"Geophysics BS","Earth, Planetary, and Space Sciences"
"Geophysics BS","Mathematics"
"Geophysics BS","Physics"
"Earth and Environmental Science BA","Chemistry and Biochemistry"
"Earth and Environmental Science BA","Earth, Planetary, and Space Sciences"
"Earth and Environmental Science BA","Geography"
"Earth and Environmental Science BA","Life Sciences"
"Earth and Environmental Science BA","Mathematics"
"Earth and Environmental Science BA","Physics"
"Engineering Geology BS","Chemistry and Biochemistry"
"Engineering Geology BS","Civil and Environmental Engineering"
"Engineering Geology BS","Earth, Planetary, and Space Sciences"
"Engineering Geology BS","Engineering"
"Engineering Geology BS","Environment"
"Engineering Geology BS","Mathematics"
"Engineering Geology BS","Physics"
"Geology BS","Chemistry and Biochemistry"
"Geology BS","Earth, Planetary, and Space Sciences"
"Geology BS","Life Sciences"
"Geology BS","Mathematics"
"Geology BS","Physics"
"Geophysics BS","Earth, Planetary, and Space Sciences"
"Geophysics BS","Mathematics"
"Geophysics BS","Physics"
"Geography BA","Geography"
"Geography BA","Statistics"
"Geography/Environmental Studies BA","Geography"
"Geography/Environmental Studies BA","Statistics"
"Geography/Environmental Studies BA","Geography"
"Geography/Environmental Studies BA","Statistics"
"German BA","German"
"German BA","German"
"Global Jazz Studies BA","Ethnomusicology"
"Global Jazz Studies BA","Global Jazz Studies"
"Global Jazz Studies BA","Music"
"Global Studies BA","Anthropology"
"Global Studies BA","Art"
"Global Studies BA","Asian American Studies"
"Global Studies BA","Southeast Asian"
"Global Studies BA","Chicana and Chicano Studies"
"Global Studies BA","Clusters"
"Global Studies BA","Comparative Literature"
"Global Studies BA","Economics"
"Global Studies BA","English"
"Global Studies BA","Environment"
"Global Studies BA","Ethnomusicology"
"Global Studies BA","Film and Television"
"Global Studies BA","French"
"Global Studies BA","Gender Studies"
"Global Studies BA","Geography"
"Global Studies BA","Global Studies"
"Global Studies BA","History"
"Global Studies BA","Honors Collegium"
"Global Studies BA","International and Area Studies"
"Global Studies BA","International Development Studies"
"Global Studies BA","Italian"
"Global Studies BA","Middle Eastern Studies"
"Global Studies BA","Political Science"
"Global Studies BA","Russian"
"Global Studies BA","Society and Genetics"
"Global Studies BA","Sociology"
"Global Studies BA","Spanish"
"Global Studies BA","Statistics"
"Global Studies BA","World Arts and Cultures"
"Greek BA","Classics"
"Greek BA","Greek"
"Greek BA","History"
"Greek and Latin BA","Classics"
"Greek and Latin BA","Greek"
"Greek and Latin BA","Latin"
"Greek and Latin BA","History"
"Portuguese BA","Portuguese"
"Spanish BA","Spanish"
"Spanish and Community and Culture BA","Chicana and Chicano Studies"
"Spanish and Community and Culture BA","Sociology"
"Spanish and Community and Culture BA","Spanish"
"Spanish and Linguistics BA","Linguistics"
"Spanish and Linguistics BA","Spanish"
"Spanish and Portuguese BA","Portuguese"
"Spanish and Portuguese BA","Spanish"
"History BA","Latin"
"History BA","History"
"Human Biology and Society BA","Society and Genetics"
"Human Biology and Society BS","Life Sciences"
"Human Biology and Society BS","Society and Genetics"
"International Development Studies BA","Anthropology"
"International Development Studies BA","Asian American Studies"
"International Development Studies BA","Chicana and Chicano Studies"
"International Development Studies BA","Latin"
"International Development Studies BA","Economics"
"International Development Studies BA","Education"
"International Development Studies BA","Environment"
"International Development Studies BA","Gender Studies"
"International Development Studies BA","Geography"
"International Development Studies BA","Global Studies"
"International Development Studies BA","History"
"International Development Studies BA","International and Area Studies"
"International Development Studies BA","International Development Studies"
"International Development Studies BA","Political Science"
"International Development Studies BA","Sociology"
"International Development Studies BA","Statistics"
"International Development Studies BA","Urban Planning"
"Iranian Studies BA","Art"
"Iranian Studies BA","Art History"
"Iranian Studies BA","History"
"Iranian Studies BA","Ancient Near East"
"Iranian Studies BA","Iranian"
"Iranian Studies BA","Political Science"
"Ancient Near East and Egyptology BA","Anthropology"
"Ancient Near East and Egyptology BA","Greek"
"Ancient Near East and Egyptology BA","English"
"Ancient Near East and Egyptology BA","Ancient Near East"
"Ancient Near East and Egyptology BA","Hebrew"
"Ancient Near East and Egyptology BA","Middle Eastern Studies"
"Ancient Near East and Egyptology BA","Near Eastern Languages"
"Ancient Near East and Egyptology BA","Semitics"
"Ancient Near East and Egyptology BA","Study of Religion"
"Arabic BA","Anthropology"
"Arabic BA","Art"
"Arabic BA","Art History"
"Arabic BA","Comparative Literature"
"Arabic BA","History"
"Arabic BA","Arabic"
"Arabic BA","Islamic Studies"
"Arabic BA","Middle Eastern Studies"
"Arabic BA","Political Science"
"Iranian Studies BA","Art"
"Iranian Studies BA","Art History"
"Iranian Studies BA","History"
"Iranian Studies BA","Ancient Near East"
"Iranian Studies BA","Iranian"
"Iranian Studies BA","Political Science"
"Jewish Studies BA","English"
"Jewish Studies BA","German"
"Jewish Studies BA","Yiddish"
"Jewish Studies BA","History"
"Jewish Studies BA","Ancient Near East"
"Jewish Studies BA","Arabic"
"Jewish Studies BA","Armenian"
"Jewish Studies BA","Hebrew"
"Jewish Studies BA","Iranian"
"Jewish Studies BA","Jewish Studies"
"Jewish Studies BA","Middle Eastern Studies"
"Jewish Studies BA","Semitics"
"Jewish Studies BA","Political Science"
"Jewish Studies BA","Study of Religion"
"Middle Eastern Studies BA","Anthropology"
"Middle Eastern Studies BA","Art"
"Middle Eastern Studies BA","Art History"
"Middle Eastern Studies BA","Economics"
"Middle Eastern Studies BA","Ethnomusicology"
"Middle Eastern Studies BA","French"
"Middle Eastern Studies BA","History"
"Middle Eastern Studies BA","Ancient Near East"
"Middle Eastern Studies BA","Arabic"
"Middle Eastern Studies BA","Armenian"
"Middle Eastern Studies BA","Hebrew"
"Middle Eastern Studies BA","Iranian"
"Middle Eastern Studies BA","Middle Eastern Studies"
"Middle Eastern Studies BA","Philosophy"
"Middle Eastern Studies BA","Political Science"
"Middle Eastern Studies BA","Study of Religion"
"Italian BA","Italian"
"Italian and Special Fields BA","Anthropology"
"Italian and Special Fields BA","Art"
"Italian and Special Fields BA","Art History"
"Italian and Special Fields BA","Classics"
"Italian and Special Fields BA","Greek"
"Italian and Special Fields BA","Latin"
"Italian and Special Fields BA","English"
"Italian and Special Fields BA","Film and Television"
"Italian and Special Fields BA","French"
"Italian and Special Fields BA","Gender Studies"
"Italian and Special Fields BA","History"
"Italian and Special Fields BA","Italian"
"Italian and Special Fields BA","Linguistics"
"Italian and Special Fields BA","Music"
"Italian and Special Fields BA","Musicology"
"Italian and Special Fields BA","Philosophy"
"Italian and Special Fields BA","Political Science"
"Italian and Special Fields BA","Portuguese"
"Italian and Special Fields BA","Spanish"
"Italian and Special Fields BA","Theater"
"Italian and Special Fields BA","English Composition"
"Italian and Special Fields BA","Anthropology"
"Italian and Special Fields BA","Art"
"Italian and Special Fields BA","Art History"
"Italian and Special Fields BA","Classics"
"Italian and Special Fields BA","Greek"
"Italian and Special Fields BA","Latin"
"Italian and Special Fields BA","English"
"Italian and Special Fields BA","Film and Television"
"Italian and Special Fields BA","French"
"Italian and Special Fields BA","Gender Studies"
"Italian and Special Fields BA","History"
"Italian and Special Fields BA","Italian"
"Italian and Special Fields BA","Linguistics"
"Italian and Special Fields BA","Music"
"Italian and Special Fields BA","Musicology"
"Italian and Special Fields BA","Philosophy"
"Italian and Special Fields BA","Political Science"
"Italian and Special Fields BA","Portuguese"
"Italian and Special Fields BA","Spanish"
"Italian and Special Fields BA","Theater"
"Italian and Special Fields BA","English Composition"
"Jewish Studies BA","English"
"Jewish Studies BA","German"
"Jewish Studies BA","Yiddish"
"Jewish Studies BA","History"
"Jewish Studies BA","Ancient Near East"
"Jewish Studies BA","Arabic"
"Jewish Studies BA","Armenian"
"Jewish Studies BA","Hebrew"
"Jewish Studies BA","Iranian"
"Jewish Studies BA","Jewish Studies"
"Jewish Studies BA","Middle Eastern Studies"
"Jewish Studies BA","Semitics"
"Jewish Studies BA","Political Science"
"Jewish Studies BA","Study of Religion"
"Latin BA","Classics"
"Latin BA","Latin"
"Latin BA","History"
"Latin American Studies BA","Anthropology"
"Latin American Studies BA","Art"
"Latin American Studies BA","Latin"
"Latin American Studies BA","Comparative Literature"
"Latin American Studies BA","Economics"
"Latin American Studies BA","Ethnomusicology"
"Latin American Studies BA","Geography"
"Latin American Studies BA","History"
"Latin American Studies BA","International and Area Studies"
"Latin American Studies BA","Political Science"
"Latin American Studies BA","Sociology"
"Latin American Studies BA","Portuguese"
"Latin American Studies BA","Spanish"
"Latin American Studies BA","World Arts and Cultures"
"Applied Linguistics BA","Anthropology"
"Applied Linguistics BA","Applied Linguistics"
"Applied Linguistics BA","Chicana and Chicano Studies"
"Applied Linguistics BA","Communication"
"Applied Linguistics BA","French"
"Applied Linguistics BA","German"
"Applied Linguistics BA","Linguistics"
"Applied Linguistics BA","Arabic"
"Applied Linguistics BA","Armenian"
"Applied Linguistics BA","Hebrew"
"Applied Linguistics BA","Iranian"
"Applied Linguistics BA","Psychology"
"Applied Linguistics BA","Slavic"
"Applied Linguistics BA","Portuguese"
"Applied Linguistics BA","Spanish"
"Linguistics BA","Classics"
"Linguistics BA","English"
"Linguistics BA","Linguistics"
"Linguistics BA","Philosophy"
"Linguistics BA","Psychology"
"Linguistics and Anthropology BA","Anthropology"
"Linguistics and Anthropology BA","German"
"Linguistics and Anthropology BA","Linguistics"
"Linguistics and Anthropology BA","Slavic"
"Linguistics and Anthropology BA","Sociology"
"Linguistics and Asian Languages and Cultures BA","Linguistics"
"Linguistics and Computer Science BA","Computer Science"
"Linguistics and Computer Science BA","Linguistics"
"Linguistics and Computer Science BA","Mathematics"
"Linguistics and Computer Science BA","Philosophy"
"Linguistics and English BA","English"
"Linguistics and English BA","Linguistics"
"Linguistics and English BA","Philosophy"
"Linguistics and French BA","French"
"Linguistics and French BA","Linguistics"
"Linguistics and Italian BA","Latin"
"Linguistics and Italian BA","Italian"
"Linguistics and Italian BA","Linguistics"
"Linguistics and Philosophy BA","Linguistics"
"Linguistics and Philosophy BA","Philosophy"
"Linguistics and Psychology BA","Linguistics"
"Linguistics and Psychology BA","Program in Computing"
"Linguistics and Psychology BA","Psychology"
"Linguistics and Scandinavian Languages BA","Linguistics"
"Linguistics and Scandinavian Languages BA","Scandinavian"
"Linguistics and Spanish BA","Linguistics"
"Linguistics and Spanish BA","Spanish"
"Linguistics and Anthropology BA","Anthropology"
"Linguistics and Anthropology BA","German"
"Linguistics and Anthropology BA","Linguistics"
"Linguistics and Anthropology BA","Slavic"
"Linguistics and Anthropology BA","Sociology"
"Linguistics and Asian Languages and Cultures BA","Linguistics"
"Linguistics and Computer Science BA","Computer Science"
"Linguistics and Computer Science BA","Linguistics"
"Linguistics and Computer Science BA","Mathematics"
"Linguistics and Computer Science BA","Philosophy"
"Linguistics and English BA","English"
"Linguistics and English BA","Linguistics"
"Linguistics and English BA","Philosophy"
"Linguistics and French BA","French"
"Linguistics and French BA","Linguistics"
"Linguistics and Italian BA","Latin"
"Linguistics and Italian BA","Italian"
"Linguistics and Italian BA","Linguistics"
"Linguistics and Philosophy BA","Linguistics"
"Linguistics and Philosophy BA","Philosophy"
"Linguistics and Psychology BA","Linguistics"
"Linguistics and Psychology BA","Program in Computing"
"Linguistics and Psychology BA","Psychology"
"Linguistics and Scandinavian Languages BA","Linguistics"
"Linguistics and Scandinavian Languages BA","Scandinavian"
"Linguistics and Spanish BA","Linguistics"
"Linguistics and Spanish BA","Spanish"
"Aerospace Engineering BS","Chemistry and Biochemistry"
"Aerospace Engineering BS","Computer Science"
"Aerospace Engineering BS","Electrical and Computer Engineering"
"Aerospace Engineering BS","Engineering"
"Aerospace Engineering BS","Materials Science and Engineering"
"Aerospace Engineering BS","Mathematics"
"Aerospace Engineering BS","Mechanical and Aerospace Engineering"
"Aerospace Engineering BS","Physics"
"Mechanical Engineering BS","Chemistry and Biochemistry"
"Mechanical Engineering BS","Computer Science"
"Mechanical Engineering BS","Electrical and Computer Engineering"
"Mechanical Engineering BS","Engineering"
"Mechanical Engineering BS","Materials Science and Engineering"
"Mechanical Engineering BS","Mathematics"
"Mechanical Engineering BS","Mechanical and Aerospace Engineering"
"Mechanical Engineering BS","Physics"
"Marine Biology BS","Atmospheric and Oceanic Sciences"
"Marine Biology BS","Chemistry and Biochemistry"
"Marine Biology BS","Earth, Planetary, and Space Sciences"
"Marine Biology BS","Life Sciences"
"Marine Biology BS","Mathematics"
"Marine Biology BS","Physics"
"Marine Biology BS","Statistics"
"Materials Engineering BS","Chemical Engineering"
"Materials Engineering BS","Chemistry and Biochemistry"
"Materials Engineering BS","Civil and Environmental Engineering"
"Materials Engineering BS","Computer Science"
"Materials Engineering BS","Electrical and Computer Engineering"
"Materials Engineering BS","Engineering"
"Materials Engineering BS","Environment"
"Materials Engineering BS","Materials Science and Engineering"
"Materials Engineering BS","Mathematics"
"Materials Engineering BS","Mechanical and Aerospace Engineering"
"Materials Engineering BS","Physics"
"Materials Engineering BS","Statistics"
"Materials Engineering BS","Chemical Engineering"
"Materials Engineering BS","Chemistry and Biochemistry"
"Materials Engineering BS","Civil and Environmental Engineering"
"Materials Engineering BS","Computer Science"
"Materials Engineering BS","Electrical and Computer Engineering"
"Materials Engineering BS","Engineering"
"Materials Engineering BS","Environment"
"Materials Engineering BS","Materials Science and Engineering"
"Materials Engineering BS","Mathematics"
"Materials Engineering BS","Mechanical and Aerospace Engineering"
"Materials Engineering BS","Physics"
"Materials Engineering BS","Statistics"
"Applied Mathematics BS","Chemistry and Biochemistry"
"Applied Mathematics BS","Mathematics"
"Applied Mathematics BS","Program in Computing"
"Applied Mathematics BS","Physics"
"Applied Mathematics BS","Statistics"
"Financial Actuarial Mathematics BS","Economics"
"Financial Actuarial Mathematics BS","Management"
"Financial Actuarial Mathematics BS","Mathematics"
"Financial Actuarial Mathematics BS","Program in Computing"
"Financial Actuarial Mathematics BS","Statistics"
"Mathematics BS","Chemistry and Biochemistry"
"Mathematics BS","Economics"
"Mathematics BS","Life Sciences"
"Mathematics BS","Mathematics"
"Mathematics BS","Program in Computing"
"Mathematics BS","Philosophy"
"Mathematics BS","Physics"
"Mathematics BS","Statistics"
"Mathematics/Applied Science BS","Biomathematics"
"Mathematics/Applied Science BS","Biostatistics"
"Mathematics/Applied Science BS","Chemistry and Biochemistry"
"Mathematics/Applied Science BS","Computer Science"
"Mathematics/Applied Science BS","Ecology and Evolutionary Biology"
"Mathematics/Applied Science BS","History"
"Mathematics/Applied Science BS","Honors Collegium"
"Mathematics/Applied Science BS","Physiological Science"
"Mathematics/Applied Science BS","Life Sciences"
"Mathematics/Applied Science BS","Mathematics"
"Mathematics/Applied Science BS","Program in Computing"
"Mathematics/Applied Science BS","Philosophy"
"Mathematics/Applied Science BS","Physics"
"Mathematics/Applied Science BS","Statistics"
"Mathematics for Teaching BS","Chemistry and Biochemistry"
"Mathematics for Teaching BS","Mathematics"
"Mathematics for Teaching BS","Program in Computing"
"Mathematics for Teaching BS","Physics"
"Mathematics for Teaching BS","Statistics"
"Mathematics of Computation BS","Chemistry and Biochemistry"
"Mathematics of Computation BS","Mathematics"
"Mathematics of Computation BS","Program in Computing"
"Mathematics of Computation BS","Physics"
"Mathematics of Computation BS","Statistics"
"Mathematics/Applied Science BS","Biomathematics"
"Mathematics/Applied Science BS","Biostatistics"
"Mathematics/Applied Science BS","Chemistry and Biochemistry"
"Mathematics/Applied Science BS","Computer Science"
"Mathematics/Applied Science BS","Ecology and Evolutionary Biology"
"Mathematics/Applied Science BS","History"
"Mathematics/Applied Science BS","Honors Collegium"
"Mathematics/Applied Science BS","Physiological Science"
"Mathematics/Applied Science BS","Life Sciences"
"Mathematics/Applied Science BS","Mathematics"
"Mathematics/Applied Science BS","Program in Computing"
"Mathematics/Applied Science BS","Philosophy"
"Mathematics/Applied Science BS","Physics"
"Mathematics/Applied Science BS","Statistics"
"Mathematics for Teaching BS","Chemistry and Biochemistry"
"Mathematics for Teaching BS","Mathematics"
"Mathematics for Teaching BS","Program in Computing"
"Mathematics for Teaching BS","Physics"
"Mathematics for Teaching BS","Statistics"
"Mathematics of Computation BS","Chemistry and Biochemistry"
"Mathematics of Computation BS","Mathematics"
"Mathematics of Computation BS","Program in Computing"
"Mathematics of Computation BS","Physics"
"Mathematics of Computation BS","Statistics"
"Mathematics/Economics BS","Economics"
"Mathematics/Economics BS","Mathematics"
"Mathematics/Economics BS","Program in Computing"
"Mathematics/Economics BS","Statistics"
"Aerospace Engineering BS","Chemistry and Biochemistry"
"Aerospace Engineering BS","Computer Science"
"Aerospace Engineering BS","Electrical and Computer Engineering"
"Aerospace Engineering BS","Engineering"
"Aerospace Engineering BS","Materials Science and Engineering"
"Aerospace Engineering BS","Mathematics"
"Aerospace Engineering BS","Mechanical and Aerospace Engineering"
"Aerospace Engineering BS","Physics"
"Mechanical Engineering BS","Chemistry and Biochemistry"
"Mechanical Engineering BS","Computer Science"
"Mechanical Engineering BS","Electrical and Computer Engineering"
"Mechanical Engineering BS","Engineering"
"Mechanical Engineering BS","Materials Science and Engineering"
"Mechanical Engineering BS","Mathematics"
"Mechanical Engineering BS","Mechanical and Aerospace Engineering"
"Mechanical Engineering BS","Physics"
"Microbiology, Immunology, and Molecular Genetics BS","Bioengineering"
"Microbiology, Immunology, and Molecular Genetics BS","Biostatistics"
"Microbiology, Immunology, and Molecular Genetics BS","Chemistry and Biochemistry"
"Microbiology, Immunology, and Molecular Genetics BS","Computer Science"
"Microbiology, Immunology, and Molecular Genetics BS","Ecology and Evolutionary Biology"
"Microbiology, Immunology, and Molecular Genetics BS","Epidemiology"
"Microbiology, Immunology, and Molecular Genetics BS","Human Genetics"
"Microbiology, Immunology, and Molecular Genetics BS","Physiological Science"
"Microbiology, Immunology, and Molecular Genetics BS","Life Sciences"
"Microbiology, Immunology, and Molecular Genetics BS","Mathematics"
"Microbiology, Immunology, and Molecular Genetics BS","Microbiology, Immunology, and Molecular Genetics"
"Microbiology, Immunology, and Molecular Genetics BS","Molecular, Cell, and Developmental Biology"
"Microbiology, Immunology, and Molecular Genetics BS","Physics"
"Microbiology, Immunology, and Molecular Genetics BS","Statistics"
"Middle Eastern Studies BA","Anthropology"
"Middle Eastern Studies BA","Art"
"Middle Eastern Studies BA","Art History"
"Middle Eastern Studies BA","Economics"
"Middle Eastern Studies BA","Ethnomusicology"
"Middle Eastern Studies BA","French"
"Middle Eastern Studies BA","History"
"Middle Eastern Studies BA","Ancient Near East"
"Middle Eastern Studies BA","Arabic"
"Middle Eastern Studies BA","Armenian"
"Middle Eastern Studies BA","Hebrew"
"Middle Eastern Studies BA","Iranian"
"Middle Eastern Studies BA","Middle Eastern Studies"
"Middle Eastern Studies BA","Philosophy"
"Middle Eastern Studies BA","Political Science"
"Middle Eastern Studies BA","Study of Religion"
"Molecular, Cell, and Developmental Biology BS","Chemistry and Biochemistry"
"Molecular, Cell, and Developmental Biology BS","Life Sciences"
"Molecular, Cell, and Developmental Biology BS","Mathematics"
"Molecular, Cell, and Developmental Biology BS","Microbiology, Immunology, and Molecular Genetics"
"Molecular, Cell, and Developmental Biology BS","Molecular, Cell, and Developmental Biology"
"Molecular, Cell, and Developmental Biology BS","Physics"
"Molecular, Cell, and Developmental Biology BS","Statistics"
"Music BA","Music"
"Music Education BA","French"
"Music Education BA","German"
"Music Education BA","Italian"
"Music Education BA","Music"
"Music Education BA","Spanish"
"Music Education BA","French"
"Music Education BA","German"
"Music Education BA","Italian"
"Music Education BA","Music"
"Music Education BA","Spanish"
"Musicology BA","Ethnomusicology"
"Musicology BA","Management"
"Musicology BA","Music"
"Musicology BA","Music Industry"
"Musicology BA","Musicology"
"Ancient Near East and Egyptology BA","Anthropology"
"Ancient Near East and Egyptology BA","Greek"
"Ancient Near East and Egyptology BA","English"
"Ancient Near East and Egyptology BA","Ancient Near East"
"Ancient Near East and Egyptology BA","Hebrew"
"Ancient Near East and Egyptology BA","Middle Eastern Studies"
"Ancient Near East and Egyptology BA","Near Eastern Languages"
"Ancient Near East and Egyptology BA","Semitics"
"Ancient Near East and Egyptology BA","Study of Religion"
"Arabic BA","Anthropology"
"Arabic BA","Art"
"Arabic BA","Art History"
"Arabic BA","Comparative Literature"
"Arabic BA","History"
"Arabic BA","Arabic"
"Arabic BA","Islamic Studies"
"Arabic BA","Middle Eastern Studies"
"Arabic BA","Political Science"
"Iranian Studies BA","Art"
"Iranian Studies BA","Art History"
"Iranian Studies BA","History"
"Iranian Studies BA","Ancient Near East"
"Iranian Studies BA","Iranian"
"Iranian Studies BA","Political Science"
"Jewish Studies BA","English"
"Jewish Studies BA","German"
"Jewish Studies BA","Yiddish"
"Jewish Studies BA","History"
"Jewish Studies BA","Ancient Near East"
"Jewish Studies BA","Arabic"
"Jewish Studies BA","Armenian"
"Jewish Studies BA","Hebrew"
"Jewish Studies BA","Iranian"
"Jewish Studies BA","Jewish Studies"
"Jewish Studies BA","Middle Eastern Studies"
"Jewish Studies BA","Semitics"
"Jewish Studies BA","Political Science"
"Jewish Studies BA","Study of Religion"
"Middle Eastern Studies BA","Anthropology"
"Middle Eastern Studies BA","Art"
"Middle Eastern Studies BA","Art History"
"Middle Eastern Studies BA","Economics"
"Middle Eastern Studies BA","Ethnomusicology"
"Middle Eastern Studies BA","French"
"Middle Eastern Studies BA","History"
"Middle Eastern Studies BA","Ancient Near East"
"Middle Eastern Studies BA","Arabic"
"Middle Eastern Studies BA","Armenian"
"Middle Eastern Studies BA","Hebrew"
"Middle Eastern Studies BA","Iranian"
"Middle Eastern Studies BA","Middle Eastern Studies"
"Middle Eastern Studies BA","Philosophy"
"Middle Eastern Studies BA","Political Science"
"Middle Eastern Studies BA","Study of Religion"
"Neuroscience BS","Chemistry and Biochemistry"
"Neuroscience BS","Physiological Science"
"Neuroscience BS","Life Sciences"
"Neuroscience BS","Mathematics"
"Neuroscience BS","Physics"
"Neuroscience BS","Psychology"
"Neuroscience BS","Statistics"
"Nordic Studies BA","Scandinavian"
"Nursing BS Prelicensure","Biostatistics"
"Nursing BS Prelicensure","Chemistry and Biochemistry"
"Nursing BS Prelicensure","Communication"
"Nursing BS Prelicensure","Life Sciences"
"Nursing BS Prelicensure","Mathematics"
"Nursing BS Prelicensure","Microbiology, Immunology, and Molecular Genetics"
"Nursing BS Prelicensure","Nursing"
"Nursing BS Prelicensure","Psychology"
"Nursing BS Prelicensure","Biostatistics"
"Nursing BS Prelicensure","Chemistry and Biochemistry"
"Nursing BS Prelicensure","Communication"
"Nursing BS Prelicensure","Life Sciences"
"Nursing BS Prelicensure","Mathematics"
"Nursing BS Prelicensure","Microbiology, Immunology, and Molecular Genetics"
"Nursing BS Prelicensure","Nursing"
"Nursing BS Prelicensure","Psychology"
"Philosophy BA","Philosophy"
"Astrophysics BS","Chemistry and Biochemistry"
"Astrophysics BS","Mathematics"
"Astrophysics BS","Program in Computing"
"Astrophysics BS","Astronomy"
"Astrophysics BS","Physics"
"Biophysics BS","Chemistry and Biochemistry"
"Biophysics BS","Life Sciences"
"Biophysics BS","Mathematics"
"Biophysics BS","Molecular, Cell, and Developmental Biology"
"Biophysics BS","Physics"
"Physics BA","Chemistry and Biochemistry"
"Physics BA","Mathematics"
"Physics BA","Astronomy"
"Physics BA","Physics"
"Physics BS","Chemistry and Biochemistry"
"Physics BS","Mathematics"
"Physics BS","Astronomy"
"Physics BS","Physics"
"Physiological Science BS","Chemistry and Biochemistry"
"Physiological Science BS","Physiological Science"
"Physiological Science BS","Life Sciences"
"Physiological Science BS","Mathematics"
"Physiological Science BS","Physics"
"Physiological Science BS","Statistics"
"Political Science BA","Political Science"
"Political Science BA","Statistics"
"Portuguese BA","Portuguese"
"Spanish BA","Spanish"
"Spanish and Community and Culture BA","Chicana and Chicano Studies"
"Spanish and Community and Culture BA","Sociology"
"Spanish and Community and Culture BA","Spanish"
"Spanish and Linguistics BA","Linguistics"
"Spanish and Linguistics BA","Spanish"
"Spanish and Portuguese BA","Portuguese"
"Spanish and Portuguese BA","Spanish"
"Psychobiology BS","Chemistry and Biochemistry"
"Psychobiology BS","Computational and Systems Biology"
"Psychobiology BS","Ecology and Evolutionary Biology"
"Psychobiology BS","Physiological Science"
"Psychobiology BS","Life Sciences"
"Psychobiology BS","Mathematics"
"Psychobiology BS","Microbiology, Immunology, and Molecular Genetics"
"Psychobiology BS","Molecular, Cell, and Developmental Biology"
"Psychobiology BS","Physics"
"Psychobiology BS","Psychology"
"Psychobiology BS","Statistics"
"Cognitive Science BS","Anthropology"
"Cognitive Science BS","Communication"
"Cognitive Science BS","Computer Science"
"Cognitive Science BS","Linguistics"
"Cognitive Science BS","Mathematics"
"Cognitive Science BS","Music"
"Cognitive Science BS","Music Industry"
"Cognitive Science BS","Philosophy"
"Cognitive Science BS","Psychology"
"Cognitive Science BS","Statistics"
"Psychobiology BS","Chemistry and Biochemistry"
"Psychobiology BS","Computational and Systems Biology"
"Psychobiology BS","Ecology and Evolutionary Biology"
"Psychobiology BS","Physiological Science"
"Psychobiology BS","Life Sciences"
"Psychobiology BS","Mathematics"
"Psychobiology BS","Microbiology, Immunology, and Molecular Genetics"
"Psychobiology BS","Molecular, Cell, and Developmental Biology"
"Psychobiology BS","Physics"
"Psychobiology BS","Psychology"
"Psychobiology BS","Statistics"
"Psychology BA","Psychology"
"Public Affairs BA","Public Affairs"
"Russian Language and Literature BA","Russian"
"Russian Language and Literature BA","Slavic"
"Russian Studies BA","History"
"Russian Studies BA","Political Science"
"Russian Studies BA","Russian"
"Russian Studies BA","Slavic"
"Nordic Studies BA","Scandinavian"
"Scandinavian Languages and Cultures BA","Scandinavian"
"Scandinavian Languages and Cultures BA","Scandinavian"
"Central and East European Languages and Cultures BA","History"
"Central and East European Languages and Cultures BA","Central and East European Studies"
"Central and East European Languages and Cultures BA","Czech"
"Central and East European Languages and Cultures BA","Hungarian"
"Central and East European Languages and Cultures BA","Polish"
"Central and East European Languages and Cultures BA","Romanian"
"Central and East European Languages and Cultures BA","Russian"
"Central and East European Languages and Cultures BA","Serbian/Croatian"
"Central and East European Languages and Cultures BA","Slavic"
"Central and East European Languages and Cultures BA","Ukrainian"
"Russian Language and Literature BA","Russian"
"Russian Language and Literature BA","Slavic"
"Russian Studies BA","History"
"Russian Studies BA","Political Science"
"Russian Studies BA","Russian"
"Russian Studies BA","Slavic"
"Sociology BA","Political Science"
"Sociology BA","Sociology"
"Sociology BA","Statistics"
"Portuguese BA","Portuguese"
"Spanish BA","Spanish"
"Spanish and Community and Culture BA","Chicana and Chicano Studies"
"Spanish and Community and Culture BA","Sociology"
"Spanish and Community and Culture BA","Spanish"
"Spanish and Linguistics BA","Linguistics"
"Spanish and Linguistics BA","Spanish"
"Spanish and Portuguese BA","Portuguese"
"Spanish and Portuguese BA","Spanish"
"Spanish and Community and Culture BA","Chicana and Chicano Studies"
"Spanish and Community and Culture BA","Sociology"
"Spanish and Community and Culture BA","Spanish"
"Spanish and Linguistics BA","Linguistics"
"Spanish and Linguistics BA","Spanish"
"Spanish and Portuguese BA","Portuguese"
"Spanish and Portuguese BA","Spanish"
"Statistics BS","Mathematics"
"Statistics BS","Statistics"
"Study of Religion BA","Anthropology"
"Study of Religion BA","Art"
"Study of Religion BA","Art History"
"Study of Religion BA","Classics"
"Study of Religion BA","Greek"
"Study of Religion BA","English"
"Study of Religion BA","History"
"Study of Religion BA","Ancient Near East"
"Study of Religion BA","Arabic"
"Study of Religion BA","Hebrew"
"Study of Religion BA","Iranian"
"Study of Religion BA","Jewish Studies"
"Study of Religion BA","Philosophy"
"Study of Religion BA","Study of Religion"
"Study of Religion BA","World Arts and Cultures"
"Asian Humanities BA","Hindi-Urdu"
"Asian Humanities BA","Indonesian"
"Asian Humanities BA","South Asian"
"Asian Humanities BA","Southeast Asian"
"Asian Humanities BA","Thai"
"Asian Languages and Linguistics BA","Hindi-Urdu"
"Asian Languages and Linguistics BA","Indonesian"
"Asian Languages and Linguistics BA","South Asian"
"Asian Languages and Linguistics BA","Southeast Asian"
"Asian Languages and Linguistics BA","Thai"
"Asian Languages and Linguistics BA","Linguistics"
"Asian Religions BA","Hindi-Urdu"
"Asian Religions BA","Indonesian"
"Asian Religions BA","South Asian"
"Asian Religions BA","Southeast Asian"
"Asian Religions BA","Thai"
"Theater BA","Theater"
"Theater BA","Theater"
"World Arts and Cultures BA","Art"
"World Arts and Cultures BA","Clusters"
"World Arts and Cultures BA","World Arts and Cultures"
